Accession,Strain,Country,Host,Year
JQ794501.1,Rec,Slovakia,Prunus domestica,2012
AY184478.1,Other,Germany,Prunus domestica,2003
Y09851.2,Other,Italy,Prunus domestica,1997
HQ840517.1,Other,Belarus,Prunus hybrid,2010
HQ840518.1,Other,Belarus,Prunus hybrid,2010
KJ787006.1,C,Russia,Prunus cerasus,2014
KY221840.1,C,Germany,Prunus cerasus,2014
MH311853.1,C,Russia,Prunus cerasus,2012
MH311854.1,C,Russia,Prunus cerasus,2012
MH311855.1,C,Russia,Prunus cerasus,2012
MH311856.1,C,Russia,Prunus cerasus,2012
MH311857.1,C,Russia,Prunus cerasus,2015
MH311858.1,C,Russia,Prunus tomentosa,2015
MH311859.1,C,Russia,Prunus cerasus,2015
MW675658.1,C,Russia,Prunus cerasus,2018
MW675659.1,C,Russia,Prunus cerasus,2018
MW675660.1,C,Russia,Prunus cerasus,2018
OK562671.1,Other,Russia,Prunus fruticosa,2019
OK562672.1,Other,Russia,Prunus fruticosa,2019
OK562683.1,Other,Russia,Prunus cerasus,2018
OK562684.1,Other,Russia,Prunus cerasus,2018
OK562685.1,Other,Russia,Prunus cerasus,2019
OR889997.1,C,Russia,Prunus cerasus,2019
OR889999.1,C,Russia,Prunus cerasus,2019
OR890001.1,C,Russia,Prunus cerasus,2019
KC020124.1,Other,Russia,Prunus cerasus,2013
KC020125.1,Other,Russia,Prunus cerasus,2013
KC020126.1,Other,Russia,Prunus cerasus,2013
MF447179.1,Other,Russia,Prunus cerasus,2015
MF447180.1,Other,Russia,Prunus cerasus,2015
MG736812.1,C,Russia,Prunus cerasus,2012
MG736813.1,C,Russia,Prunus cerasus,2012
MG736814.1,C,Russia,Prunus cerasus,2012
MG736816.1,C,Russia,Prunus cerasus,2012
OK562673.1,Other,Russia,Prunus cerasus,2017
OK562674.1,Other,Russia,Prunus cerasus,2017
OK562675.1,Other,Russia,Prunus cerasus,2018
OK562676.1,Other,Russia,Prunus cerasus,2018
OK562677.1,Other,Russia,Prunus cerasus,2018
OK562678.1,Other,Russia,Prunus cerasus,2018
OK562679.1,Other,Russia,Prunus cerasus,2018
OK562680.1,Other,Russia,Prunus cerasus,2018
OK562681.1,Other,Russia,Prunus cerasus,2018
OK562682.1,Other,Russia,Prunus cerasus,2018
OK562686.1,Other,Russia,Prunus cerasus,2018
AM157175.1,EA,Canada,Prunus domestica,2006
DQ431465.1,EA,Egypt,Prunus armeniaca,2006
MG736815.1,C,Russia,Prunus cerasus,2012
PQ197417.1,Other,USA,Prunus domestica,2006
OP946701.1,Other,Romania,Prunus domestica,2022
HQ670746.1,W,Latvia,Prunus domestica,2011
KC347608.1,Winona,Russia,Prunus domestica,2011
HG916863.1,Winona,Russia,Prunus domestica,2016
LN852400.1,Winona,Russia,Prunus domestica,2016
HG916860.1,Winona,Russia,Prunus domestica,2016
HG916862.2,Winona,Russia,Prunus domestica,2016
HG916856.2,Winona,Russia,Prunus tomentosa,2016
HG916857.2,Winona,Russia,Prunus domestica,2016
HG916858.2,Winona,Russia,Prunus domestica,2016
MK387313.1,Winona,Canada,Prunus domestica,2005
LC494690.1,M,Japan,Prunus mume,2017
AY912055.1,Winona,Canada,Prunus domestica,2005
EF611247.1,Other,USA,Prunus domestica,2007
X16415.1,D,France,Prunus domestica,1989
KP998124.1,D,Canada,Prunus persica,2013
MK208990.1,D,China,Prunus mume,2015
M92280.1,M,Hungary,Prunus domestica,1993
X81083.1,Other,Unknown,Prunus domestica,1994
AJ243957.1,M,Serbia and Montenegro,Prunus sp.,2000
AF401295.1,D,USA,Prunus persica,2001
AF401296.1,D,USA,Prunus domestica,2001
AY028309.2,Other,Slovakia,Prunus armeniaca,2001
AY912056.1,D,Canada,Prunus persica,2005
AY912057.1,D,Canada,Prunus persica,2005
AY912058.1,D,Canada,Prunus persica,2005
DQ465242.1,Other,USA,Prunus domestica,2007
DQ465243.1,Other,USA,Prunus domestica,2007
EF611241.1,Other,USA,Prunus domestica,2007
EF611242.1,Other,USA,Prunus domestica,2007
EF611243.1,Other,USA,Prunus domestica,2007
EF611245.1,Other,USA,Prunus domestica,2007
EF611246.1,Other,USA,Prunus domestica,2007
EF611248.1,Other,USA,Prunus domestica,2007
EF640933.1,Other,USA,Prunus domestica,2007
EF640934.1,Other,USA,Prunus domestica,2007
EF640935.1,Other,USA,Prunus domestica,2007
EF640936.1,Other,USA,Prunus domestica,2007
EF640937.1,Other,USA,Prunus domestica,2007
EF640938.1,Other,USA,Prunus domestica,2007
EF640939.1,Other,USA,Prunus domestica,2007
EU117116.1,Rec,Poland,Prunus domestica,2007
EU734794.1,Other,Turkey,Prunus armeniaca,2009
FM955843.1,M,Greece,Prunus domestica,2008
AB545926.1,D,Japan,Prunus mume,2008
HQ670748.1,W,Latvia,Prunus domestica,2011
JX013532.1,Other,Croatia,Prunus domestica,2007
JN596110.1,W,Ukraine,Prunus spinosa,2013
KF472134.1,Rec,Ukraine,Prunus cerasifera,2011
HF674399.1,M,Albania,Prunus domestica,2010
HG964685.1,Rec,Canada,Prunus domestica,2009
HG964686.1,Rec,Canada,Prunus domestica,2009
KM273015.1,Rec,Russia,Prunus domestica,2013
KR006729.1,D,Ukraine,Prunus persica,2011
KR006730.1,D,Ukraine,Prunus domestica,2011
KR028386.1,D,Ukraine,Prunus persica,2013
KR028387.1,D,Ukraine,Prunus cerasifera,2011
HG916859.1,Winona,Russia,Prunus spinosa,2016
HG916861.2,Winona,Russia,Prunus domestica,2016
KU948432.1,D,Canada,Prunus domestica,2013
LT600780.1,D,Canada,Prunus domestica,2016
LT600781.1,D,Canada,Prunus domestica,2016
LT600782.1,D,Canada,Prunus domestica,2016
LC228949.1,M,Japan,Prunus mume,2016
LC331298.2,D,South Korea,Prunus mume,2017
MK208989.1,D,China,Prunus mume,2017
MT495413.1,Other,USA,Prunus domestica,2016
LC494683.1,M,Japan,Prunus persica,2016
LC494685.1,M,Japan,Prunus mume,2016
LC494687.1,M,Japan,Prunus tomentosa,2017
LC494710.1,M,Japan,Prunus japonica,2017
MT737800.1,Other,Bulgaria,Prunus cerasus,2020
MW251493.1,Other,Czech Republic,Prunus domestica,2006
OL311683.1,Other,Bulgaria,Prunus domestica,2021
ON013909.1,Other,Germany,Prunus domestica,2022
OQ389521.1,D,Germany,Prunus domestica,2023
OQ335834.1,Other,Bulgaria,Prunus domestica,2023
OQ335843.1,Other,Romania,Prunus domestica,2023
OP434483.1,Other,USA,Prunus persica,2022
OR576789.1,M,Italy,Prunus domestica,2004
PP400325.1,Other,Bulgaria,Prunus domestica,2024
PP400326.1,Other,Bulgaria,Prunus domestica,2024
PQ197418.1,Other,USA,Prunus domestica,2006
PQ197419.1,Other,USA,Prunus domestica,2009
PQ197420.1,Other,USA,Prunus cerasifera,2015
PQ197421.1,Other,USA,Prunus persica,2000
PQ197422.1,Other,USA,Prunus domestica,2006
PX208212.1,D,USA,Prunus domestica,2012
EF611244.1,Other,USA,Prunus domestica,2007
GU461889.1,Rec,Bulgaria,Prunus domestica,2003
GU461890.1,D,Slovakia,Prunus domestica,1996
MZ440740.1,Other,Canada,Prunus domestica,2013
OP946702.1,Other,Romania,Prunus domestica,2022
GU474956.1,Rec,Serbia,Prunus persica,1990
HF585098.1,D,Slovakia,Prunus persica,2013
HF585099.1,M,Slovakia,Prunus domestica,2013
HF585100.1,M,Slovakia,Prunus persica,2013
HF585101.1,M,Slovakia,Prunus persica,2013
HF585102.1,M,Slovakia,Prunus persica,2013
HF585103.1,M,Slovakia,Prunus persica,2013
HF585104.1,M,Slovakia,Prunus persica,2013
LN614587.1,Rec,Slovakia,Prunus armeniaca,2014
LT158756.1,D,Slovakia,Prunus persica,2016
MF370984.1,M,Turkey,Prunus domestica,2015
MF370985.1,M,Turkey,Prunus armeniaca,2015
MF370986.1,M,Turkey,Prunus armeniaca,2015
MF370987.1,M,Turkey,Prunus domestica,2015
MF370988.1,M,Turkey,Prunus domestica,2015
MF370989.1,M,Turkey,Prunus domestica,2015
MF370990.1,M,Turkey,Prunus domestica,2015
MF370991.1,M,Turkey,Prunus domestica,2015
MF370992.1,M,Turkey,Prunus domestica,2015
MF370993.1,M,Turkey,Prunus domestica,2015
MF370994.1,M,Turkey,Prunus domestica,2015
MF370995.1,M,Turkey,Prunus persica,2015
MF370996.1,M,Turkey,Prunus domestica,2015
MF370997.1,M,Turkey,Prunus domestica,2015
MF370998.1,M,Turkey,Prunus domestica,2015
MF370999.1,M,Turkey,Prunus domestica,2015
MF371000.1,M,Turkey,Prunus domestica,2015
MF371001.1,M,Turkey,Prunus domestica,2015
MF371002.1,M,Turkey,Prunus domestica,2015
MF371003.1,M,Turkey,Prunus persica,2015
MF371004.1,M,Turkey,Prunus domestica,2015
MF346235.1,T,Turkey,Prunus armeniaca,2015
MF346236.1,T,Turkey,Prunus domestica,2015
MF346237.1,T,Turkey,Prunus armeniaca,2015
MF346238.1,T,Turkey,Prunus persica,2015
MF346239.1,T,Turkey,Prunus armeniaca,2015
MF346240.1,T,Turkey,Prunus armeniaca,2015
MF346241.1,T,Turkey,Prunus armeniaca,2015
MF346242.1,T,Turkey,Prunus domestica,2015
MF346243.1,T,Turkey,Prunus armeniaca,2015
MF346244.1,T,Turkey,Prunus armeniaca,2015
MF346245.1,T,Turkey,Prunus domestica,2015
MF346246.1,T,Turkey,Prunus armeniaca,2014
MF346247.1,T,Turkey,Prunus armeniaca,2014
MF346248.1,T,Turkey,Prunus armeniaca,2014
MF346249.1,T,Turkey,Prunus armeniaca,2014
MF346250.1,T,Turkey,Prunus armeniaca,2014
MF346251.1,T,Turkey,Prunus armeniaca,2014
MF346252.1,T,Turkey,Prunus armeniaca,2014
MF346253.1,T,Turkey,Prunus armeniaca,2014
MF346254.1,T,Turkey,Prunus armeniaca,2014
MF346255.1,T,Turkey,Prunus armeniaca,2014
MF346256.1,T,Turkey,Prunus armeniaca,2014
MF346257.1,T,Turkey,Prunus armeniaca,2014
MF346258.1,T,Turkey,Prunus armeniaca,2014
MF346259.1,T,Turkey,Prunus armeniaca,2014
MF346260.1,T,Turkey,Prunus armeniaca,2014
MF346261.1,T,Turkey,Prunus armeniaca,2014
MF346262.1,T,Turkey,Prunus armeniaca,2014
MF346263.1,T,Turkey,Prunus armeniaca,2014
MF346264.1,T,Turkey,Prunus armeniaca,2014
MF346265.1,T,Turkey,Prunus armeniaca,2014
MF346266.1,T,Turkey,Prunus armeniaca,2016
MF346267.1,T,Turkey,Prunus domestica,2016
MF346268.1,T,Turkey,Prunus domestica,2016
MF346269.1,T,Turkey,Prunus domestica,2016
MF346270.1,T,Turkey,Prunus armeniaca,2016
MF346271.1,T,Turkey,Prunus domestica,2016
MF346272.1,T,Turkey,Prunus domestica,2016
MF346273.1,T,Turkey,Prunus domestica,2016
MF346274.1,T,Turkey,Prunus armeniaca,2016
MF346275.1,T,Turkey,Prunus domestica,2016
MF346276.1,T,Turkey,Prunus domestica,2016
MF346277.1,T,Turkey,Prunus armeniaca,2016
MF346278.1,T,Turkey,Prunus domestica,2016
MF346279.1,T,Turkey,Prunus domestica,2016
MF346280.1,T,Turkey,Prunus armeniaca,2016
MF346281.1,T,Turkey,Prunus armeniaca,2016
MF346282.1,T,Turkey,Prunus domestica,2016
MF346283.1,T,Turkey,Prunus armeniaca,2016
MF346284.1,T,Turkey,Prunus armeniaca,2016
MF346285.1,T,Turkey,Prunus armeniaca,2016
MF346286.1,T,Turkey,Prunus armeniaca,2016
MF346287.1,T,Turkey,Prunus armeniaca,2016
MF346288.1,T,Turkey,Prunus armeniaca,2016
MF346289.1,T,Turkey,Prunus domestica,2016
MF346290.1,T,Turkey,Prunus armeniaca,2016
MK372942.1,D,Turkey,Prunus domestica,2016
MK372943.1,D,Turkey,Prunus armeniaca,2016
MK372944.1,D,Turkey,Prunus domestica,2016
MK372945.1,D,Turkey,Prunus armeniaca,2016
MK372946.1,D,Turkey,Prunus domestica,2016
MK372947.1,D,Turkey,Prunus domestica,2016
MK372948.1,D,Turkey,Prunus domestica,2016
MK372949.1,D,Turkey,Prunus domestica,2016
MK372950.1,D,Turkey,Prunus domestica,2016
MK372951.1,D,Turkey,Prunus domestica,2016
MK372952.1,D,Turkey,Prunus domestica,2016
MK372953.1,D,Turkey,Prunus domestica,2016
MK372954.1,D,Turkey,Prunus domestica,2016
MK372955.1,D,Turkey,Prunus armeniaca,2016
MK372956.1,D,Turkey,Prunus domestica,2016
MK372957.1,D,Turkey,Prunus armeniaca,2016
MK372958.1,D,Turkey,Prunus domestica,2016
MK372959.1,D,Turkey,Prunus armeniaca,2016
MK372960.1,D,Turkey,Prunus armeniaca,2016
MK372961.1,D,Turkey,Prunus domestica,2016
MK372962.1,D,Turkey,Prunus domestica,2016
MK372963.1,D,Turkey,Prunus domestica,2016
MK372964.1,D,Turkey,Prunus domestica,2016
MK372965.1,D,Turkey,Prunus armeniaca,2016
MK372966.1,D,Turkey,Prunus armeniaca,2016
MK372967.1,D,Turkey,Prunus domestica,2016
MK372968.1,D,Turkey,Prunus armeniaca,2016
MK372969.1,D,Turkey,Prunus armeniaca,2016
MK372970.1,D,Turkey,Prunus domestica,2016
MK372971.1,D,Turkey,Prunus armeniaca,2016
MK372972.1,D,Turkey,Prunus armeniaca,2016
MK372973.1,D,Turkey,Prunus domestica,2016
MK372974.1,D,Turkey,Prunus domestica,2016
MK372975.1,D,Turkey,Prunus armeniaca,2016
MK372976.1,D,Turkey,Prunus armeniaca,2016
MK372977.1,D,Turkey,Prunus domestica,2016
MK372978.1,D,Turkey,Prunus domestica,2016
MK372979.1,D,Turkey,Prunus domestica,2016
MK372980.1,D,Turkey,Prunus armeniaca,2016
MK372981.1,D,Turkey,Prunus armeniaca,2016
MK372982.1,D,Turkey,Prunus domestica,2016
MK372983.1,D,Turkey,Prunus domestica,2016
MK372984.1,D,Turkey,Prunus domestica,2016
MK372985.1,D,Turkey,Prunus domestica,2016
MN603419.1,Other,Turkey,Prunus domestica,2016
MN603420.1,Other,Turkey,Prunus armeniaca,2016
MN603421.1,Other,Turkey,Prunus domestica,2017
MN603422.1,Other,Turkey,Prunus domestica,2017
MN603423.1,Other,Turkey,Prunus armeniaca,2018
MN603424.1,Other,Turkey,Prunus domestica,2018
MN603425.1,Other,Turkey,Prunus domestica,2018
MN603426.1,Other,Turkey,Prunus domestica,2018
MW415764.1,M,Turkey,Prunus persica,2018
MW415765.1,M,Turkey,Prunus persica,2018
MW415766.1,M,Turkey,Prunus persica,2018
MW415767.1,M,Turkey,Prunus persica,2018
MW415768.1,M,Turkey,Prunus persica,2018
MW415769.1,M,Turkey,Prunus persica,2018
MW415770.1,M,Turkey,Prunus domestica,2018
MW415771.1,M,Turkey,Prunus domestica,2018
MW415772.1,M,Turkey,Prunus persica,2018
MW415773.1,M,Turkey,Prunus domestica,2018
MW415774.1,M,Turkey,Prunus domestica,2018
MW415776.1,M,Turkey,Prunus domestica,2018
MW415777.1,M,Turkey,Prunus domestica,2018
MW415778.1,M,Turkey,Prunus armeniaca,2018
MW415779.1,M,Turkey,Prunus domestica,2018
MW415781.1,M,Turkey,Prunus armeniaca,2018
MW415782.1,M,Turkey,Prunus domestica,2018
MW415784.1,M,Turkey,Prunus domestica,2018
MW415785.1,M,Turkey,Prunus armeniaca,2018
MW415786.1,M,Turkey,Prunus armeniaca,2018
MW415787.1,M,Turkey,Prunus armeniaca,2018
MW415788.1,M,Turkey,Prunus armeniaca,2018
MW415789.1,M,Turkey,Prunus armeniaca,2018
MW415790.1,M,Turkey,Prunus armeniaca,2018
MW415791.1,M,Turkey,Prunus armeniaca,2018
MW415792.1,M,Turkey,Prunus armeniaca,2018
MW415793.1,M,Turkey,Prunus armeniaca,2018
MW415794.1,M,Turkey,Prunus armeniaca,2018
MW415795.1,M,Turkey,Prunus armeniaca,2018
MW415796.1,M,Turkey,Prunus armeniaca,2018
MW415797.1,M,Turkey,Prunus armeniaca,2018
MW415799.1,M,Turkey,Prunus persica,2018
MW415800.1,M,Turkey,Prunus domestica,2018
MW415801.1,M,Turkey,Prunus domestica,2018
MW415802.1,M,Turkey,Prunus domestica,2018
MW415803.1,M,Turkey,Prunus domestica,2018
MW415804.1,M,Turkey,Prunus domestica,2018
MW415805.1,M,Turkey,Prunus domestica,2018
MW415806.1,M,Turkey,Prunus domestica,2018
MW415807.1,M,Turkey,Prunus domestica,2018
MW415808.1,M,Turkey,Prunus domestica,2018
MW415810.1,M,Turkey,Prunus domestica,2018
MW415811.1,M,Turkey,Prunus domestica,2018
MW415812.1,M,Turkey,Prunus domestica,2018
MW415813.1,M,Turkey,Prunus domestica,2018
MW415814.1,M,Turkey,Prunus domestica,2018
MW415815.1,M,Turkey,Prunus domestica,2018
MW415816.1,M,Turkey,Prunus domestica,2018
MW415817.1,M,Turkey,Prunus domestica,2018
MW415818.1,M,Turkey,Prunus domestica,2018
MW415819.1,M,Turkey,Prunus domestica,2018
MW415820.1,M,Turkey,Prunus domestica,2018
MW415821.1,M,Turkey,Prunus domestica,2018
MW415822.1,M,Turkey,Prunus domestica,2018
MW415823.1,M,Turkey,Prunus domestica,2018
MW415824.1,M,Turkey,Prunus domestica,2018
MW415825.1,M,Turkey,Prunus domestica,2018
MW415826.1,M,Turkey,Prunus domestica,2018
MW415828.1,M,Turkey,Prunus domestica,2018
MW415829.1,M,Turkey,Prunus domestica,2018
MW415830.1,M,Turkey,Prunus domestica,2018
MW415831.1,M,Turkey,Prunus domestica,2018
MW415832.1,M,Turkey,Prunus domestica,2018
MW415775.1,M,Turkey,Prunus armeniaca,2018
MW415780.1,M,Turkey,Prunus armeniaca,2018
MW415798.1,M,Turkey,Prunus persica,2018
MW415809.1,M,Turkey,Prunus domestica,2018
MW415827.1,M,Turkey,Prunus domestica,2018
ON745776.1,Other,Turkey,Prunus cerasus,2017
ON745777.1,Other,Turkey,Prunus domestica,2017
ON745778.1,Other,Turkey,Prunus persica,2017
ON745779.1,Other,Turkey,Prunus armeniaca,2017
ON745780.1,Other,Turkey,Prunus dulcis,2017
PQ700284.1,Other,Turkey,Prunus dulcis,2022
PV477197.1,T,Turkey,Prunus armeniaca,2021
PV477198.1,T,Turkey,Prunus armeniaca,2021
KR028385.1,D,Ukraine,Prunus persica,2013
OR890002.1,C,Russia,Prunus cerasus,2019
MZ440738.1,Other,Canada,Prunus domestica,2013
MZ440739.1,Other,Canada,Prunus domestica,2013
MZ440741.1,Other,Canada,Prunus domestica,2013
MZ202335.1,Other,France,Prunus domestica,2021
LT600779.1,D,Canada,Prunus domestica,2016
MZ440737.1,Other,Canada,Prunus domestica,2013
OR889998.1,C,Russia,Prunus cerasus,2019
KJ849228.1,D,Spain,Prunus domestica,2014
PV477203.1,D,Turkey,Prunus domestica,2021
PV477204.1,D,Turkey,Prunus domestica,2021
PV477205.1,D,Turkey,Prunus domestica,2021
PV477206.1,D,Turkey,Prunus domestica,2021
PV477208.1,D,Turkey,Prunus domestica,2021
PV477209.1,D,Turkey,Prunus armeniaca,2021
KU508427.1,D,Germany,Prunus domestica,2012
PV477199.1,M,Turkey,Prunus domestica,2021
PV477200.1,M,Turkey,Prunus armeniaca,2021
PV477201.1,M,Turkey,Prunus armeniaca,2021
PV477202.1,M,Turkey,Prunus domestica,2021
MW412433.1,Other,Bosnia and Herzegovina,Prunus domestica,2018
OR538730.1,Other,Chile,Prunus persica,2022
OR890000.1,C,Russia,Prunus cerasus,2019
MK208988.1,D,China,Prunus mume,2017
MW854267.1,Other,Germany,Prunus domestica,2021
MK208991.1,D,China,Prunus armeniaca,2018
OL765305.1,Other,Russia,Prunus cerasus,2019
D13751.1,Other,Unknown,Prunus domestica,1989
NC_001445.1,Other,USA,Prunus domestica,1989
MT613316.1,Other,Germany,Prunus domestica,2020
LC494694.1,M,Japan,Prunus mume,2017
LC494704.1,M,Japan,Prunus mume,2018
LC375003.1,D,Japan,Prunus mume,2012
AB576045.1,D,Japan,Prunus mume,2009
AB576046.1,D,Japan,Prunus mume,2009
AB576047.1,D,Japan,Prunus mume,2009
AB576048.1,D,Japan,Prunus mume,2009
AB576049.1,D,Japan,Prunus mume,2009
AB576050.1,D,Japan,Prunus mume,2009
AB576051.1,D,Japan,Prunus mume,2009
AB576053.1,D,Japan,Prunus mume,2009
AB576054.1,D,Japan,Prunus mume,2009
AB576056.1,D,Japan,Prunus mume,2009
AB576057.1,D,Japan,Prunus mume,2009
AB576058.1,D,Japan,Prunus mume,2008
AB576059.1,D,Japan,Prunus mume,2009
AB576060.1,D,Japan,Prunus mume,2009
AB576061.1,D,Japan,Prunus mume,2009
AB576062.1,D,Japan,Prunus mume,2009
AB576063.1,D,Japan,Prunus mume,2009
AB576064.1,D,Japan,Prunus persica,2009
AB576065.1,D,Japan,Prunus mume,2009
AB576066.1,D,Japan,Prunus mume,2009
AB576067.1,D,Japan,Prunus mume,2009
AB576068.1,D,Japan,Prunus mume,2009
AB576069.1,D,Japan,Prunus mume,2009
AB576070.1,D,Japan,Prunus mume,2009
AB576071.1,D,Japan,Prunus mume,2009
AB576072.1,D,Japan,Prunus mume,2009
AB576073.1,D,Japan,Prunus mume,2009
AB576074.1,D,Japan,Prunus mume,2009
AB576075.1,D,Japan,Prunus mume,2009
AB576076.1,D,Japan,Prunus mume,2009
AB576077.1,D,Japan,Prunus mume,2009
AB576078.1,D,Japan,Prunus mume,2009
AB576079.1,D,Japan,Prunus mume,2009
AB576080.1,D,Japan,Prunus mume,2009
LC374954.1,D,Japan,Prunus mume,2010
LC374955.1,D,Japan,Prunus mume,2010
LC374956.1,D,Japan,Prunus mume,2010
LC374957.1,D,Japan,Prunus mume,2009
LC374958.1,D,Japan,Prunus mume,2009
LC374959.1,D,Japan,Prunus mume,2009
LC374960.1,D,Japan,Prunus mume,2009
LC374961.1,D,Japan,Prunus mume,2010
LC374962.1,D,Japan,Prunus mume,2012
LC374963.1,D,Japan,Prunus mume,2012
LC374964.1,D,Japan,Prunus mume,2012
LC374965.1,D,Japan,Prunus mume,2012
LC374966.1,D,Japan,Prunus mume,2013
LC374967.1,D,Japan,Prunus mume,2014
LC374969.1,D,Japan,Prunus mume,2010
LC374970.1,D,Japan,Prunus mume,2010
LC374971.1,D,Japan,Prunus mume,2010
LC374972.1,D,Japan,Prunus mume,2013
LC374973.1,D,Japan,Prunus mume,2014
LC374974.1,D,Japan,Prunus mume,2014
LC374975.1,D,Japan,Prunus mume,2014
LC374976.1,D,Japan,Prunus mume,2014
LC374977.1,D,Japan,Prunus mume,2014
LC374978.1,D,Japan,Prunus mume,2014
LC374979.1,D,Japan,Prunus mume,2014
LC374980.1,D,Japan,Prunus mume,2014
LC374981.1,D,Japan,Prunus mume,2010
LC374982.1,D,Japan,Prunus mume,2012
LC374983.1,D,Japan,Prunus mume,2012
LC374984.1,D,Japan,Prunus mume,2014
LC374985.1,D,Japan,Prunus mume,2014
LC374986.1,D,Japan,Prunus mume,2014
LC374987.1,D,Japan,Prunus mume,2014
LC374988.1,D,Japan,Prunus mume,2014
LC374989.1,D,Japan,Prunus mume,2014
LC374990.1,D,Japan,Prunus mume,2014
LC374991.1,D,Japan,Prunus mume,2012
LC374993.1,D,Japan,Prunus mume,2012
LC374994.1,D,Japan,Prunus mume,2012
LC374995.1,D,Japan,Prunus mume,2012
LC374996.1,D,Japan,Prunus mume,2012
LC374997.1,D,Japan,Prunus mume,2012
LC374998.1,D,Japan,Prunus mume,2012
LC374999.1,D,Japan,Prunus mume,2012
LC375000.1,D,Japan,Prunus mume,2012
LC375001.1,D,Japan,Prunus mume,2012
LC375002.1,D,Japan,Prunus mume,2012
LC375004.1,D,Japan,Prunus mume,2012
LC375005.1,D,Japan,Prunus mume,2012
LC375006.1,D,Japan,Prunus mume,2012
LC375007.1,D,Japan,Prunus mume,2012
LC375008.1,D,Japan,Prunus mume,2012
LC375009.1,D,Japan,Prunus mume,2012
LC375010.1,D,Japan,Prunus mume,2012
LC375011.1,D,Japan,Prunus mume,2012
LC375012.1,D,Japan,Prunus mume,2012
LC375013.1,D,Japan,Prunus mume,2012
LC375014.1,D,Japan,Prunus mume,2012
LC375015.1,D,Japan,Prunus mume,2012
LC375016.1,D,Japan,Prunus mume,2012
LC375017.1,D,Japan,Prunus mume,2014
LC375018.1,D,Japan,Prunus mume,2011
LC375019.1,D,Japan,Prunus mume,2011
LC375020.1,D,Japan,Prunus mume,2011
LC375022.1,D,Japan,Prunus mume,2012
LC375023.1,D,Japan,Prunus mume,2012
LC375024.1,D,Japan,Prunus mume,2012
LC375025.1,D,Japan,Prunus mume,2013
LC375026.1,D,Japan,Prunus mume,2012
LC375027.1,D,Japan,Prunus mume,2013
LC375028.1,D,Japan,Prunus mume,2012
LC375029.1,D,Japan,Prunus mume,2012
LC375030.1,D,Japan,Prunus mume,2012
LC375031.1,D,Japan,Prunus mume,2012
LC375032.1,D,Japan,Prunus mume,2013
LC375033.1,D,Japan,Prunus mume,2011
LC375034.1,D,Japan,Prunus mume,2011
LC375035.1,D,Japan,Prunus mume,2011
LC375036.1,D,Japan,Prunus mume,2010
LC375037.1,D,Japan,Prunus mume,2010
LC375038.1,D,Japan,Prunus mume,2010
LC375039.1,D,Japan,Prunus mume,2010
LC375040.1,D,Japan,Prunus mume,2011
LC375041.1,D,Japan,Prunus mume,2010
LC375042.1,D,Japan,Prunus mume,2010
LC375043.1,D,Japan,Prunus mume,2010
LC375044.1,D,Japan,Prunus mume,2010
LC375045.1,D,Japan,Prunus mume,2011
LC375046.1,D,Japan,Prunus mume,2011
LC375047.1,D,Japan,Prunus mume,2011
LC375048.1,D,Japan,Prunus mume,2011
LC375049.1,D,Japan,Prunus mume,2012
LC375050.1,D,Japan,Prunus mume,2012
LC375051.1,D,Japan,Prunus mume,2010
LC375052.1,D,Japan,Prunus mume,2014
LC375053.1,D,Japan,Prunus mume,2014
LC375054.1,D,Japan,Prunus mume,2014
LC375055.1,D,Japan,Prunus mume,2014
LC375056.1,D,Japan,Prunus mume,2009
LC375057.1,D,Japan,Prunus mume,2009
LC375058.1,D,Japan,Prunus mume,2010
LC375059.1,D,Japan,Prunus armeniaca,2010
LC375060.1,D,Japan,Prunus domestica,2010
LC375061.1,D,Japan,Prunus mume,2010
LC375062.1,D,Japan,Prunus mume,2010
LC375063.1,D,Japan,Prunus mume,2012
LC375064.1,D,Japan,Prunus mume,2012
LC375065.1,D,Japan,Prunus armeniaca,2012
LC375066.1,D,Japan,Prunus mume,2012
LC375067.1,D,Japan,Prunus mume,2012
LC375068.1,D,Japan,Prunus mume,2012
LC375069.1,D,Japan,Prunus domestica,2012
LC375070.1,D,Japan,Prunus mume,2010
LC375071.1,D,Japan,Prunus mume,2009
LC375072.1,D,Japan,Prunus mume,2010
LC375073.1,D,Japan,Prunus mume,2010
LC375074.1,D,Japan,Prunus mume,2010
LC375075.1,D,Japan,Prunus mume,2010
LC375076.1,D,Japan,Prunus mume,2010
LC375077.1,D,Japan,Prunus mume,2009
LC375078.1,D,Japan,Prunus mume,2010
LC375079.1,D,Japan,Prunus mume,2010
LC375080.1,D,Japan,Prunus mume,2010
LC375081.1,D,Japan,Prunus mume,2010
LC375082.1,D,Japan,Prunus mume,2010
LC375083.1,D,Japan,Prunus mume,2010
LC375084.1,D,Japan,Prunus mume,2010
LC375085.1,D,Japan,Prunus mume,2010
LC375086.1,D,Japan,Prunus mume,2010
LC375087.1,D,Japan,Prunus mume,2010
LC375088.1,D,Japan,Prunus mume,2010
LC375089.1,D,Japan,Prunus mume,2010
LC375090.1,D,Japan,Prunus mume,2010
LC375091.1,D,Japan,Prunus mume,2010
LC375092.1,D,Japan,Prunus mume,2009
LC375093.1,D,Japan,Prunus mume,2010
LC375094.1,D,Japan,Prunus mume,2010
LC375095.1,D,Japan,Prunus mume,2010
LC375096.1,D,Japan,Prunus mume,2010
LC375097.1,D,Japan,Prunus mume,2010
LC375098.1,D,Japan,Prunus mume,2011
LC375099.1,D,Japan,Prunus mume,2012
LC375100.1,D,Japan,Prunus mume,2014
LC375101.1,D,Japan,Prunus mume,2010
LC375102.1,D,Japan,Prunus mume,2010
LC375103.1,D,Japan,Prunus mume,2010
LC375104.1,D,Japan,Prunus mume,2011
LC375105.1,D,Japan,Prunus mume,2011
LC375106.1,D,Japan,Prunus mume,2012
LC375107.1,D,Japan,Prunus mume,2012
LC375108.1,D,Japan,Prunus mume,2012
LC375109.1,D,Japan,Prunus mume,2012
LC375110.1,D,Japan,Prunus mume,2013
LC375111.1,D,Japan,Prunus mume,2013
LC375112.1,D,Japan,Prunus mume,2013
LC375113.1,D,Japan,Prunus mume,2013
LC375114.1,D,Japan,Prunus mume,2013
LC375115.1,D,Japan,Prunus mume,2014
LC375116.1,D,Japan,Prunus mume,2013
LC375117.1,D,Japan,Prunus mume,2013
LC375118.1,D,Japan,Prunus mume,2013
LC375119.1,D,Japan,Prunus mume,2013
LC375120.1,D,Japan,Prunus mume,2013
LC375121.1,D,Japan,Prunus mume,2013
LC375122.1,D,Japan,Prunus mume,2013
LC375123.1,D,Japan,Prunus mume,2013
LC375124.1,D,Japan,Prunus mume,2013
LC375125.1,D,Japan,Prunus mume,2013
LC375126.1,D,Japan,Prunus mume,2013
LC375127.1,D,United Kingdom,Prunus domestica,2020
LC375128.1,D,Bulgaria,Prunus domestica,2010
LC375129.1,D,Bulgaria,Prunus domestica,2010
LC375130.1,D,Bulgaria,Prunus domestica,2010
LC375131.1,D,Serbia,Prunus domestica,2010
LC375132.1,D,Slovenia,Prunus domestica,2011
LC494681.1,M,Japan,Prunus armeniaca,2016
LC494682.1,M,Japan,Prunus mume,2016
LC494684.1,M,Japan,Prunus mume,2016
LC494686.1,M,Japan,Prunus mume,2016
LC494688.1,M,Japan,Prunus mume,2017
LC494689.1,M,Japan,Prunus mume,2017
LC494691.1,M,Japan,Prunus mume,2017
LC494692.1,M,Japan,Prunus mume,2017
LC494693.1,M,Japan,Prunus mume,2017
LC494695.1,M,Japan,Prunus mume,2017
LC494696.1,M,Japan,Prunus mume,2017
LC494697.1,M,Japan,Prunus mume,2017
LC494698.1,M,Japan,Prunus mume,2017
LC494699.1,M,Japan,Prunus mume,2017
LC494700.1,M,Japan,Prunus mume,2017
LC494701.1,M,Japan,Prunus mume,2018
LC494702.1,M,Japan,Prunus armeniaca,2018
LC494703.1,M,Japan,Prunus mume,2018
LC494705.1,M,Japan,Prunus mume,2018
LC494706.1,M,Japan,Prunus mume,2018
LC494707.1,M,Japan,Prunus mume,2018
LC494708.1,M,Japan,Prunus mume,2018
LC494709.1,M,Japan,Prunus mume,2018
LC494711.1,M,Japan,Prunus mume,2017
LC494712.1,M,Japan,Prunus mume,2017
LC494713.1,M,Japan,Prunus mume,2017
LC494714.1,M,Japan,Prunus mume,2017
LC494715.1,M,Japan,Prunus persica,2017
LC494716.1,M,Japan,Prunus persica,2018
LC494717.1,M,Japan,Prunus mume,2018
LC600464.1,Other,Japan,Prunus mume,2018
LC600459.1,Other,Japan,Prunus persica,2017
LC600460.1,Other,Japan,Prunus mume,2017
LC600461.1,Other,Japan,Prunus mume,2017
LC600462.1,Other,Japan,Prunus persica,2017
LC600463.1,Other,Japan,Prunus persica,2017
LC600465.1,Other,Japan,Prunus mume,2018
AB576052.1,D,Japan,Prunus domestica,2009
AB576055.1,D,Japan,Prunus mume,2009
LC374968.1,D,Japan,Prunus mume,2011
LC374992.1,D,Japan,Prunus mume,2012
LC375021.1,D,Japan,Prunus mume,2012
AY953261.1,D,Canada,Prunus domestica,2005
AY953262.1,D,Canada,Prunus persica,2005
AY953263.1,D,Canada,Prunus persica,2005
AY953264.1,D,Canada,Prunus persica,2005
AY953265.1,D,Canada,Prunus glandulosa,2005
AY953266.1,D,Canada,Prunus domestica,2005
AY953267.1,D,Canada,Prunus persica,2005
MW415783.1,M,Turkey,Prunus domestica,2018
LC333552.1,D,South Korea,Prunus persica,2017
LC333553.1,D,South Korea,Prunus persica,2017
LC333268.1,D,South Korea,Prunus persica,2017
